Suggested Title,Status
Build Your Own Drone with Raspberry - Complete Guide,Not Created
How to Create a Drone Using Raspberry Pi Python,Not Created
Drone Projects You HAVE to Try - Micropython Edition,Not Created
Master Uno: Raspberry Tutorial for Beginners,Not Created
Building a Uno Python - Step by Step Guide,Not Created
Raspberry Pi Uno - Micropython Projects and Ideas,Not Created
Nas vs Raspberry: Which is Better for Your Project?,Not Created
Getting Started with Nas on Raspberry Pi Python,Not Created
10 Nas Projects Using Micropython,Not Created
Complete Hands Guide - Raspberry Integration Tutorial,Not Created
Build Your Own Hands with Python - Complete Guide,Not Created
How to Create a Hands Using Raspberry Pi Micropython,Not Created
